{
    "numeroPunti": 6,
    "t": [
        0,
        1,
        2,
        3,
        4,
        5
    ],
    "y": [
        0.0,
        0.8414709848078965,
        0.9092974268256817,
        0.1411200080598672,
        -0.7568024953079282,
        -0.9589242746631385
    ],
    "b": 0.01
}