{
    "y": [
        0.0,
        0.8414709848078965,
        0.9092974268256817,
        0.1411200080598672,
        -0.7568024953079282
    ],
    "t": [
        0,
        1,
        2,
        3,
        4
    ],
    "numeroPunti": 5
}