{
    "numeroPunti": 14,
    "t": [
        0,
        1,
        2,
        3,
        4,
        5,
        6,
        7,
        8,
        9,
        10,
        11,
        12,
        13
    ],
    "y": [
        0.0,
        0.8414709848078965,
        0.9092974268256817,
        0.1411200080598672,
        -0.7568024953079282,
        -0.9589242746631385,
        -0.27941549819892586,
        0.6569865987187891,
        0.9893582466233818,
        0.4121184852417566,
        -0.5440211108893699,
        -0.9999902065507035,
        -0.5365729180004349,
        0.4201670368266409
    ],
    "b": 0.2
}