{
    "numeroPunti": 6,
    "t": [
        0,
        1,
        2,
        3,
        4,
        5
    ],
    "y": [
        -2.4492935982947064e-16,
        0.14112000805986746,
        -0.27941549819892614,
        0.4121184852417568,
        -0.5365729180004352,
        0.650287840157117
    ],
    "b": 2
}